date,cours,oi_usd,apex_biais,sharps_biais,foule_biais,apex_portefeuilles,funding_h,apex_engage_usd
2026-09-27,748.9325,69965809,21.9,30.1,53.3,,,17813984
2026-09-28,717.9769,79265306,,,,,,
2026-09-29,740.126,78054248,,,,,,
2026-09-30,726.692,72255617,,,,,,
2026-10-01,725.7059,70312875,,,,,,
2026-10-02,727.5726,65950715,,,,,,
2026-10-03,730.6483,66842907,,,,,,
2026-10-04,731.1317,67004741,64.9,24.1,35.6,25,0.00000625,15160334
2026-10-05,727.1555,68641786,58.9,29.3,36.3,27,9.2786e-06,15695818
