date,cours,oi_usd,apex_biais,sharps_biais,foule_biais,apex_portefeuilles,funding_h,apex_engage_usd
2026-09-27,30520.8508,191097337,,,,,,
2026-09-28,30321.1793,199365938,,,,,,
2026-09-29,30402.8914,196157740,,,,,,
2026-09-30,30509.9968,218385206,,,,,,
2026-10-01,30556.3021,236186550,,,,,,
2026-10-02,30793.1011,238470899,,,,,,
2026-10-03,30852.1512,241927070,,,,,,
2026-10-04,30843.5689,243131190,,,,,,
2026-10-05,30843.8858,228625097,,,,,,
2026-10-06,31105.0475,219477343,,,,,,
2026-10-07,31224.8802,216847235,,,,,,
